text,label
why can't i get my top up to work in apple pay?,2
which atms allow me to change my pin?,21
i'm really upset because i made a typo during a transfer and now i've sent money to the wrong account.  i can't fix this with the app.  please help me immediately!,8
is there a way to see where funds come from,70
how long will it take for my money to be deposited?,47
how do i take a block off my card?,49
i need assistance activating my card?,0
i'm worried that my card has been compromised because i see a payment that i didn't make.,16
please tell me how i can receive a physical card,43
why was i charged extra on my last uk pound to russian ruble exchange?,17
i seem to be having trouble with my google pay top. can you please help?,2
the atm shows a withdraw of the amount of money i requested but i didn't revieve that amount in cash.,75
what is this extra pound charge for?,34
what are interbanks current exchange rates?,32
"if i don't live in the uk, can i still get a card?",24
can i track history on funds?,70
i paid with card and was charged a fee that shouldn't be there!,15
can you please tell me why i cant get money from the atm?,26
i am so angry right now!  i went to the atm and did not get the correct amount of money i chose to withdraw.  how could this happen?  i need my money and want to know how i can get it asap!,75
"someone is using my card to purchase flights to new york it's not me because i'm not going to new york, please can you cancel the card and refund the money?",20
has my top up gone through?,47
a refund is taking too long.,51
why was my transaction declined?,35
can you tell me why the card payment came back?,53
the exchange rate used on your app is really bad. i'm considering closing my account because of it.,17
i have a problem with my account. i tried to transfer some funds and the message came back declined. can you help me?,27
for what reason can i not transfer money to a beneficiary?,7
why is my check still not showing up on my account? it's been a week already,6
is it normal to see a fee for transferring money?,64
can you explain the various transaction times shown on my statement?,63
i use gbp for my salary deposits. must i set this up somewhere?,50
how long will it take the money to appear in my account?,67
i would like my money back for an item i purchased,52
do you know the rate of exchange?,32
"i moved, can i edit my personal details?",30
why can't a beneficiary receive a money transfer from me?,7
i only got some of the cash i requested from the atm,75
why am i unable to withdraw my money through this card?,26
"i bought something while traveling, and the exchange rate was wrong.",17
i would like to dispute a payment i didnt make,28
is there a limit to top up,60
i would like to change my personal details.,30
how will i know my pin number?,38
why hasn't my top-up gone through?,47
i sent money to my family last friday but they don't have it.,66
i haven't received the pin yet.,38
how do i find out how or where this transaction on my account came from?,16
"why am i being charged for atm cash withdrawals? the only reason i use it is because it's been free! now you expect me to pay for them, and how much is that going to cost me?",19
i'm not sure where my phone is.  can someone else use the app?,42
how old do my kids need to be to open an account?,1
was my transaction reverted with my card?,53
what do i have to do to get my pin unblocked?,49
"my card was refused, why?",25
why is it taking so long to update my balance transfer?,5
the store card reader would not accept my card.,25
how long will my transfer be pending?,48
what amount of time does it take for a transfer to reflect and be available,5
why can i not transfer money into my account?,65
i left my card at a restaurant and now its missing.,41
where is my new card if i haven't received it yet?,11
is there a list of atms that take this card?,3
the exchange rate applied was incorrect when i was traveling outside the country.,76
please cancel my last transaction.,8
the atm did not give me my card back?,18
is there a reason my new card hasn't arrived yet?,11
why am i missing my refund,51
why did you revert my top-up?,61
i'm not able to verify my identity.,68
i've made a bank transfer but the money doesn't seem to be in my account.,5
the app won't let me transfer money to a beneficiary,7
why is my identification required?,74
what should i do if i think someone is using my card without my permission?,22
how do i fix a broken card?,14
how do i transfer something faster than normal?,67
can i exchange usd for gbp in your app?,33
my transfer failed to process correctly. is there a reason this would happen?,35
do i pay extra for exchange?,31
the app declined my top up. what did i do wrong?,61
there are a couple payments with my card in the app i see that i didn't create. what is happening? maybe someone gained access to my account.,16
my card payment might have been reverted.,53
are you only able to get a card if you're in the uk?,24
when can i expect my new card to get here?,12
can i use my card wherever i want?,10
tell me if there is a limit to top-up.,60
i did not receive my full withdrawal amount,75
"unbeknownst to me, there was an additional charge on my prior transaction. a notification of sorts should be required and explained before future payments are made.",15
i just had a look at my statement. why have i been changed for using the atm?,19
i was supposed to get a refund but i do not see it.,51
your exchange rate was off.  i was charged extra on my payment that i made last saturday.,17
what do i need to do to cancel a transaction?,8
why is my cash withdrawal still showing as pending?,46
how much longer until i get my new card?,11
the money disappeared after i topped up my account.,62
i wanted to withdraw $100 from the atm but i only got $20,75
is there a way to do top up with apple pay,2
my product was faulty.,52
can i use this app to exchange currencies?,33
whats types of currency can i exchange?,33
i ordered a card and would like to know how to track the delivery progress of it.,11
why did i get charged a fee on my card?,15
"i made a transfer and according to the receiver ""they haven't received the right amount"" its lesser than it should be.now i have to transfer more money to make up for the missing amount . can you please help me about this, what should be done ?",64
"i only made one transaction at this place, but it's appearing multiple times.",63
can my account have different types of currency in it.,36
what is the number of transactions for one disposable card?,29
"i found the card that i thought i lost, and i would like to reactivate it.",13
why is the refund not on my statement?,51
"if i lost my phone at the hotel, can i still use the app?",42
my card payment has not been withdrawn from my account,53
please explain how disposable virtual card work.,37
why is my refund not visible on my statement?,51
"someone has a copy of my card. i have my card with me, but someone just made a 500£ cash withdrawal. help me.",20
"i could not get a top-up to work, why?",59
where does the exchange rate stand right now?,32
still need to get card pin,38
how do i return something for a full refund?,52
i need my purchase cancelled.,52
"how do i get money from an atm using my card? i can't seem to get it to work? i used the pin i had, but maybe it's wrong? what do i need to do to fix this?",26
i've tried using my card multiple times and it keeps getting declined.,25
my account isn't showing a transfer i made.,5
can i use my card for online payments?,10
what is the limits on the number of disposable cards i can have?,29
can a friend top up my account,62
i bought an item that i was charged a different exchange rate for.,17
i need a transaction reversed from my account.,63
why can't i top up by cheque?,58
if i found a lost card can i put it back in app,13
i would like to cancel my purchase.,52
where'd the rest of my cash go from the atm,75
why was an extra charge added when i used my card?,15
my disposable virtual card isn't working.,72
are there fees for adding money with an international card?,57
why would i be charged an extra fee while doing a transfer?,64
"i want to get a visa and mastercard, is it possible to get both from you?",73
"my phone was stolen, what should i do?",42
tell me why my transfer was declined.,27
i'm still expecting the transaction to be finished,66
can i use my salary for this?,50
why didn't the atm give me all my money,75
it looks like my card payment was sent back.,53
i still want to use my account but haven't verified is that ok?,74
why am i charged a fee for withdrawing cash?,19
i goofed up and used the wrong account.  please help.,8
i made a cash deposit to my account but i don't see it,6
what does it mean when a payment is pending?,45
my account did not allow the transfer.,7
why am i charged to get money from the atm?,19
why do you guys need to verify my identity?,74
there is the same transaction showing more than once.,63
i was checking my account when i saw a $500 cash withdraw that i know i didn't do.  i have my card so i don't understand how this happened.  please help me.,20
i was getting some cash out of the atm but it cancelled on me without warning.,26
how long should i expect to wait when i add money,47
i purchased something abroad and the incorrect exchange rate was applied.,17
why can't i see my refund in my statement?,51
how can i transfer money to a beneficiary?,7
"my pin seems to be blocked, help me access it?",49
why is my transfer still pending?,48
why is it necessary to verify the top up?,71
my cash deposit from a week ago is still not in my account. can you help me please?,6
i was mistakenly charged a fee for using my card.,15
what is the length of time for money to reach the account?,67
"the exchange rate given to me after a purchase, was incorrect",17
how can i prove i am me?,69
how much would it cost me if i transfer?,56
what are the reasons for a declined transfer?,27
why is there a fee on my money transfer?,64
is it possible for friends to top up my account?,62
please explain why my transfer attempt was declined. thank you.,27
is there a auto top-up option?,4
the app says i got cash from an atm but i didn't,20
can i transfer money to my account with the app?,65
can you tell me why my transfer is pending still?,48
i believe that my card has been stolen!,41
why isn't my beneficiary allowed?,7
i got notified that my top up has been reverted. why?,61
where do i go to get my new card linked?,13
why am i being charged to withdrawal money?,19
i can't remember my password.,44
i bought something this morning and the payment is still pending,45
how can i open an account for my children?,1
how long does a transfer from the us take?,67
i ordered my card a couple weeks ago and haven't received it yet. when can i expect it?,12
"i think my pin has been compromised, what do i do?",21
i'm being asked for a verification code. where do i find it?,71
"my transaction history is looking a little off. i have been charged twice for multiple different purchases, and would like to have those duplicate charges refunded.",63
i see a charge of 1l i do not recognize on my statement,34
i would like to change the the pin on my card.,21
"after i deposited my cash, i still don't see it in my account.",6
i topped up and now my money is not there anymore! what happened to it?,61
i am unable to prove my identity,68
please help me as my online payment is getting declined since yesterday while i am trying to purchase something online.,27
i would like to transfer money from my checking account to my savings account.,65
help me.  my phone has been lost or stolen!,42
can we skip verifying?,74
the atm won't let me take out cash,26
"hi. about two hours ago i made a transfer from my bank which is in the uk, but i don't see it yet! would you check what's going on with it, please?",5
how do i add money from my amex card to top up,54
why was there a fee with my cash withdrawal?,19
i'm interested in learning more about product refunds.,52
how do i fill out the identity check?,69
how do i go about getting a refund?,52
i am having trouble withdrawing cash.,26
help me verify my identification.,68
would i get a visa or mastercard?,73
the atm didn't give me the full requested amount,75
my refund has not shown up on my statement.,51
there is money in my account that i didnt put there,20
why cant i transfer to my account?,7
seems like my top-up has not gone through,47
why did you cancel my card payment?,53
it won't let me verify my identity.,68
"the expiration of my card is near, how do i order a new card?",9
the exchange rate for my card payment doesn't seem right.,17
"on my last trip, i received the incorrect exchange rate.",76
are cards available to those outside of the uk?,24
is there restrictions on where i can use my card?,10
report stolen card,41
i want to use my account before identity verification,74
my purchases from this morning are showing up as payment pending. can you tell me why?,45
how do you do currency exchanges?,32
"the company is no good, please terminate my account.",55
how long does my top up pending last?,47
i noticed that the exchange rate applied to a recent purchase i made abroad was incorrect.,17
why was my request for cash declined?,26
is there a frequent currency discount?,31
my card is lost!  please help me!,41
my transfer is pending too long.,5
i am unable to use my top-up on the app. could you explain this to me?,61
are bank transfers immediate?,5
how many active transactions can i make with a disposable card?,29
why am i being a charged for using my card?,15
do you charge anything for topping up?,56
can i exchange currency to europe?,36
where can i find the verification code for a top-up?,71
i made a payment but it was returned.,53
why was there a fee on my cash withdrawal?,19
where is the tracking number for the card?,11
what's going on? i was just recently charged for an atm withdrawal. i've never seen this charge before and before it's always been free.,19
how can i tell what foreign exchange rate i will get?,32
to many charges on my card how do i go about fixing that?,63
can i get information on the identity checks?,69
how much does currency exchange cost?,31
i'm having difficulties changing aud for gbp. how do i do this?,33
there is a direct debit set up that was not authorized by me.,28
i tried using my atm card at your notting hill location today.  it did not work.  am i doing something wrong?,26
what can i do to make my physical card work?,14
to receive money are there charges?,56
"i'm currently not in possession of my phone, is it still possible to go about things normally without access to the app?",42
i need to update my phone number.,30
i am looking to transfer some money from my other bank account into this one.,65
"hello, i tried to take out some money out of the atm, but it's still showing that it's pending? i really don't want to be charged for this.",46
why was i charged a fee for withdrawing money?,19
with what currencies can i add money?,54
why would my card payment be reverted?,53
what about my children?,1
how do i request the pin?,38
how does the exchange rate work on this app?,32
my top up is giving me problems. what is wrong with it?,59
there is  an extra 1£ charge on my app. why did it charge me extra?,34
will i have to wait much longer for my new card to arrive?,11
"hello, i tried to top up with my card, but it didn't work. i just got it a couple days before and it works fine. what's the deal? can you check into this?",59
why can't i use my card?,14
"i tried topping off my account with a card, but the money is not in my account despite the charge going through",62
how can i dispute a debit transaction?,28
my money transfer has not happened yet,48
"i tried using a foreign currency at an atm, but the atm provided me an incorrect rate. why is that?",76
do you know how to change my card pin?,21
what should i do if i see a withdrawal is pending?,46
i made a deposit but it is not showing up in my balance.,6
i attempted to deposit a cheque yesterday but the balance isn't showing today. is it still pending?,6
there has been a payment  in the app that has not be done by me.,16
i was trying to top up my account and it isn't working,59
can i tell what business will take this card?,10
can i use visa or mastercard with your service,73
i made the incorrect payment for my rent yesterday and this needs to be fixed by no later than tomorrow. how can you help?,8
my friend has not got the money i sent last week.,66
my new landlord says he hasn't received the rent payment that i transferred a couple days ago. i've already checked the account numbers and they are correct. can you tell me what's going on with this transaction that the transfer isn't showing up on my landlord's end?,66
is there a cash withdrawal fee? because i just got charged?,19
do you offer disposable virtual cards too?,37
i think my card payment was cancelled. what happened?,53
this is the first time i've tried to get my money out of an atm and it didn't work. please give me my money,26
there are strange transactions on my account.  what should i do if i think someone stole my details?,22
i wasn't able to withdraw money at an atm,26
"i need a new card, my old card is expiring.",9
any chance of getting the card outside the uk?,24
do i have to pick a creditcard brand?,73
i want to delete my account. how do i do this?,55
how often can i top up my account?,60
what do i do if i do not recognise a cash withdrawal?,20
my top-up is taking a very long time to complete.,47
"help! i think someone has a copy of my card - i still have my card, but a five hundred pound cash withdrawal that i didn't authorize is shown on my account.",20
"i need to hold money, what currencies can i use?",36
i don't understand where this charge came from.,16
how long does it take for something to be delivered to the u.s?,12
how many incorrect attempts cause card to be blocked?,49
why is it important to verify my identity?,74
is top-up possible with apple pay?,2
atm ate my card,18
will my friends be able to top up my account?,62
i topped off my card is that something you will charge me for?,57
hi. please can you help me fix a double charge on my card? i'm looking at my transactions and this restaurant i went to earlier in the week has charged me twice! please remove the additional charge for me.,63
my top up card needs verification and i don't know how to do it,71
i've been trying to make a transfer and it doesn't seem to be working. (5 times) what is wrong with your system?,35
what systems do you have in place for my security when using my card for everyday purchases?,37
why did you charge me more for my purchase? it was a foreign currency and you didn't offer market rate,17
the $1.00 has still not been reverted as indicated in the previous email.,34
can you tell me how i go about activating a new card?,0
can i use this app for both usd and gbp?,33
"if i want to be able to give my daughter a card for my account, would i be allowed to get one for her?",39
does this program take swift transfers?,56
what's the limit on total number of cards i can have?,39
how long do transfers take to show up in my account?,5
can you please advise if there is something wrong with my card? i have had multiple rejections and do not know the reason. thanks!,25
"can i get money in my home currency at some atm? i'm on holiday and am a bit concerned because i don't have any cash with me, it is possible to withdraw here already without any additional cost?",76
"i sent money to someone but they haven't gotten it, what's going on?",66
i tried doing an in country transfer earlier this week. i thought it would be there by now but i still don't see the money. can you check the status on my transfer?,66
who charged my card,64
"money was taken out without my consent,",20
i think the bank made a mistake on the exchange rates,76
what is needed for my daughter to open an account?,1
can i see money source?,70
i want a new pin please.,21
reason for my card to decline,25
need to know if there is a maximum i can top up,60
"for some reason, the money i added was returned.",61
do the disposable cards have a transaction limit?,29
i am unable to access my app due to forgetting my passcode.,44
"hi, i made a transfer yesterday that i need to reverse.  i need to put the money in a different account.",8
where do i find my card pin?,38
how can i top up my account with a cheque?,58
"i'd like to make a sepa transfer to my account, but will i be charged?",56
there is a €1 extra fee in my statement,34
why wasn't my payment accepted by the app,53
in what places can i use my card?,10
do you have info about the card on delivery?,11
are you sure this is the interbank exchange rate? this rate is really bad.,17
how long does a payment usually show as pending? is it normal that mine is still pending?,45
i tried to transfer funds to a beneficiary and was denied. can you tell me why?,7
i have a new card and i can't add money to it.  i tried about 30 minutes ago and it is still pending.  what do i do?,47
"i forgot my phone at the hotel, so i can't access the app.",42
"so much time has gone by, the pending status shouldn't still be there shouldn't it?",46
why was i denied the option to transfer money to a selected beneficiary?,7
will you charge me for exchanging foreign currencies?,31
i have zero dollars in my account. can i submit additional funds via bank transfer?,65
i have an emergency and lost my phone.  i need help accessing my account.,42
my transfer failed,35
delete my account please. now!,55
explain top-up cancellation,61
how do i update my address?,30
there was a direct debit transaction i have don't think should be there.,28
this transfer incurred a fee that i don't think is right.,64
i am not satisfied with your company and wish to delete all accounts immediately.,55
why won't my card work.,14
"my phone was stolen, help!",42
"where can i find out the fee structure for my account? i have been charged fees for some transactions, but not for other ones. i can't find a pattern in these fees.",15
a payment that i didn't make appears in my app.,16
"i need to activate my card, how is that done?",0
how can i track my card's delivery?,11
how can i reset the passcode if i need to do that?,44
where is the code for verifying the top up card?,71
how is it possible to add another card to account,39
"i have made 5 attempts to make a very standard survey, yet i can't get it to work. what is the problem? is there an issue related to your system?",35
wheres my money receipt,66
is there a way to change my pin without having to go to the bank?,21
why are top-ups being verified?,71
which flat currencies do you support for holding and exchange?,36
i am having trouble transferring money to a beneficiery.,7
"my card has been declined by two separate atm, and i'm worried something is wrong with my account. would you please see if my account is okay?",26
please tell me what this direct debit in my statement is,28
"i think something is wrong with your top up.  i've been waiting a little over an hour for this to go through, can you send it through for me?",47
there is a single payment on my card which shows as pending.,45
"i have arranged a transfer, but no longer need to send it. how do i stop the transfer?",8
"how do i know what my account is set to, i am paid in gbp?",50
my new card has not been delivered to my home yet. what is going on?,11
i didnt do this charge,16
can third party fees affect a transfer?,56
i see a cash withdrawal in the app that i did not do.,20
why was money taken for a transfer?,64
when i add money to my international card do you charge a fee to do so?,57
what is the maximum number of transactions i can do with a disposable card?,29
what are my options for holding money in multiple currencies?,36
what atms take this card?,3
"i need to transfer money into my account, and i don't know how to do that.",65
i will need a new card because mine is almost expired.  how fast do i get a replacement and what is the cost?,9
"hi, i am unable to use my card in atm. i had tried my card in two atms but both atms declined it. could you please check my account?",26
how long until my card will get here?,12
there is a payment showing that i know i didn't make. i didn't use my card that day and i'm sure of it. can you please cancel that transaction and return my money? thankyou,28
why does my transfer say it is pending?,48
how do i get the passcode reset?,44
my account was charged a fee. when did you start charging extra for card payments?,15
i didn't cancel my top-up.,61
how many times can i use a virtual card?,29
why is there a charged fee for debit or credit card payment?,15
why was my card declined?,25
i used my card and there was a fee,15
why do i have a charge for an atm withdrawal? i thought these were free?,19
"my card was lost on vacation, i don't know where it is. can you help me take care of this immediately?",41
"some cash was withdrawn in the app, but i did not do it.",20
i need a number of disposable cards everyday.,29
my card is expiring soon.,9
tell me why my card payment would be reverted.,53
the atm cancelled a transaction on me when i was trying to get some cash out.,26
who can have access to top up my account?,62
what happens if i deposit a cheque accidentally?,6
how do i change my name after marriage,30
how do i go about ordering a card?,43
i got some cash in the atm but its still pending,46
"after reviewing my charges, i see i was charged a fee for a transfer i did, why?",64
i've made a transfer from france two days ago but i was wondering if international transfers take longer to arrive because it hasn't made it yet.,5
can i use your app to exchange between usd and gbp,33
i see a direct debit transaction in my history that i did not set up.,28
can you assist me in activating my card?,0
i have a new phone number and need to edit my contact information.,30
"i accidentally made a payment from the wrong account yesterday. it's my rent payment, and it's very large, so the account i paid from won't be able to cover the amount. it's really important that the payment be made from the right account?",8
i am seeing in the app a diret debit that its not mine,28
how does someone else top up my account,62
the atm didn't give me the amount i asked for,75
can i pay more to get it deliver quicker?,12
can you tell me why my card payment was cancelled?,53
are there still fees for european top-ups?,57
there is a payment i don't recognise!,28
i'd prefer mastercard.,73
whats wrong with my currency exchange?,76
"help, i need to top up my account. where do i send a check?",58
my card was declined at a restaurant today and i don't know what the problem is.,14
how many atms will take this card?,3
i have a top-up that's still pending and wanted to know about it.,47
the exchange rate is wrong from something i got in another country,17
i'd like to know where my funds come from.,70
i'm still waiting on a payment,45
i am here to change my adress.,30
my transaction from earlier needs to be reversed.,8
i believe my card payment has reverted,53
my top-up hasn't gone through,47
where can i find a list of descriptions the disposable cards have?,29
"it says that my payment is pending, what does that mean?",45
"i transferred money, why was charged for an extra fee?",64
is my card ready for use or does it need activated and if so how?,0
how much for topping up by card?,57
what do i need to do to correct this failed transfer?,35
there is a payment that has not processed.,45
"i hate this atm, it charged me an extra fee, why did it charge?",19
my refund is not here yet,51
is there a problem with your system being down or something? i have already tried 5 times to issue a standard transfer but i'm getting nowhere.,35
when should i expect to receive my card?,12
can i have a supplementary card?,39
i am looking to change my adress.,30
how come my refund hasn't appeared on my statement?,51
why was i charged a fee for my withdrawal?,19
the app is telling me that i am not me.,68
why haven't i seen the cash from the cheque i deposited yet?,6
$1 charge in transaction.,34
how long does it take for my id to verify?,68
why is my transfer more expensive than i thought?,64
why does my statement show a $1 charge on my account?,34
can i cancel a transaction?,8
i was charged more than once for a card payment i made.,63
"over the holiday i withdrew cash from the atm and it seems that i was severely overcharged. had i known that i would be charged those fees, i would not have used the atm!",76
how can you transfer my salary to my correct currency?,50
my card is expiring so how fast can i get a new one and how much will it be?,9
i'm trying to activate the auto-top up function. where is it?,4
"hello. please, would you tell me if you have or have not received funds for a refund that i recently requested for a big purchase? i've contacted the merchant, but i can't tell that they have taken any action on it.",51
"help me please, my apple pay american express top up does not work.",2
am i gonna be charged for sending out more cards?,39
is my child too young to sign up?,1
is there a reason why my card was declined when i attempted to withdraw money?,26
i can't figure out how to unblock my pin number. can you help me?,49
activate my card,0
i am unsuccessfully trying to make a transfer can you help?,35
i added money but my top-up wasn't processed by the app.,59
is there somewhere i can send a check to add to my account?,58
how do i find the refund on my statement?,51
is there any reason why my card didn't work when i tried to top up?,59
"i need to top up, but i have to use an international card.  is there a cost for that?",57
"someone has copied my card. i have my card with me, but someone just made a 500£ cash withdrawal. please help now.",20
"please help me with this transfer, for some reason i can't transfer to a cryptocurency account",27
is a physical card also available,43
i've been charged an extra £1 and i don't know why,34
which atm's am i able to change my pin?,21
i am having trouble with the app recognizing me.,68
is there a fee to top up a us card using a debit or credit card?,57
what is the process for setting up and account for my child?,1
would you give me a mastercard and visa?,73
will a beneficiary not accept a transfer?,7
i did a transfer and was charged a fee that should not have been charged!,64
my transfer is stuck pending? how do we fix it to it goes through?,48
"when i got my cash, the amount was not what it should have been, based on the exchange rate.",76
i got less money than i asked for.,75
is there a fee for paying by card?,15
what are the steps to verify identity?,69
do i need to re-apply to order a new card when my old one's about to expire?,9
can i obtained a visa card,73
my google pay top up isn't working. help.,2
i think my card is lost.  what do i do?,41
how do i track the card you sent me?,11
why is my card payment pending?,45
what documents do i need for the identity check?,69
who gets support?,24
is there anywhere that a card cannot be delivered?,43
why is top up not working for my apple pay app,2
"hi, i sent a payment to the wrong account number - can you cancel it as soon as possible?",8
exchange fee help?,31
"what currencies can i not hold many in, if so what are they?",36
can someone in the us have a card?,24
what areas are cards delivered to?,43
when does a uk transfer show up?,5
what do i need for the verification check?,69
why does my statement show an extra fee?,34
is there anyway to use a cheque to top up?,58
auto-top up option can be found where?,4
do you support countries other than mine?,24
what am i going to need in order to activate my card?,0
how can i get a virtual card for a one-time transaction?,37
why can't i see my top up?,62
why is there an extra charge of 1 dollar on my statement?,34
which currencies will you exchange?,36
why do i still have a pending cash withdrawal?,46
how long does transfer from the us take?,67
"i have the funds, why can i not use my top-up?",59
where did the money i deposit go??,6
what's going on with my card? i've tried multiple times and it never goes through.,14
"i haven't received my card yet, how long does it normally take?",12
"help, my phone was stolen, please advise!",42
i want to know why my top-up was reverted,61
"if i want to topup by card, how do i do it?",54
i'm at the atm right now and it only allowed me to withdraw 10 pounds instead of my requested 30. what's going on? how can i fix this?,75
where's the money from my transfer from europe?,67
can you tell me why a refund i'm owed is not showing on my statement?,51
what kind of fees will i pay when i transfer?,64
i need to cancel a purchase that i made the other day.,52
is there a maximum for top-ups?,60
i have used all of my pin tries. what should i do now?,49
what is the maximum top up?,60
how do i activate my new card i just got?,0
"i normally have no issues making transfers, so why am i suddenly being told it is not possible?",7
card is being used by someone else,22
does it cost anything to buy something from another country? like is there going to be hidden transfer fees or currency conversion fees?,64
what are your supported countries?,24
it declined my transfer.,27
can i reactivate a card?,13
i withdrew cash abroad and the exchange rate applied is wrong.,76
there is a transaction showing up several times.,63
"a wd was just made on my account, but it was not me and i still have my card.  what to do?",20
atm refused to give me money,26
why does my statement contain an extra fee?,34
which currencies can i use to add money?,54
what is the procedure for an expired card?,9
there is a withdrawal waiting.,46
tell me more about getting a virtual disposable card.,37
tell my why my top-up is pending.,47
what is the price of a transfer?,56
i want to add money automatically when i travel.,4
my card has been stolen what do i do?,41
is there a limit for top ups?,60
"suddenly, my card won't work.",14
how can i link the new card?,13
"i asked for a certain amount of money from the atm, but it gave me a different amount. less than what i asked for.",75
where do you find your exchange rates?,32
can i have a refund for one of your products?,52
help me figure out how to link the new card.,13
transfer was declined.,27
"hello. i bought an item a while ago, and have since requested a refund.  however, upon checking my online statements, it seems that i haven't been issued a refund yet.  how can this be remedied?",51
i need to transfer something to china. it is urgent. how many days will it take to get there?,67
my card did not work at store.,25
can i order a card?,43
"how long does eu transfer take? i bought something online a couple days ago , sent the money immediately online but the seller says it is still not there yet",48
can i choose delivery times to suite me?,12
what should i do if someone stole my phone?,42
dude i put money in the atm last week but it ain't there! i need the money now figure this out!,6
"would you be able to offer me a discount, since i need to exchange currencies frequently?",31
the app failed to verify me.,68
how long does it take for a purchase to go from pending to authorised?,45
my statement shows charges for things i never purchased. were my account details stolen?,22
what is my money worth in other countries?,32
why did you charge me a fee when i made a transfer?,64
i entered my pin wrong  too many times.,49
why is there an extra fee on a transfer?,64
is my transfer pending?,48
what countries can i use your services?,24
i couldnt transfer money from my account.,35
how can i replace an expired card?,9
"while abroad, i got cash, and the exchange rate applied is wrong.",76
can i use a bank transfer to add money to my account?,65
how do i ask for a physical card?,43
i got an cancellation error when i was topping up.,61
"my transfer failed, why did that happen?",35
i did a cash deposit to my account but it doesn't show up,6
can someone help me unblock my pin?,49
my top up is not working,59
when will my payment go through?,45
i don't have a pin at this point.,38
is it possible for me to give my daughter a second card for this account?,39
how come there is a duplicate charge on my card?,63
i need to know which fiat currencies i can use with you.,36
why didn't i receive the right amount of cash at the atm?,75
can i electronically transfer funds into my account from my american express?,54
i'm interested in learning more about disposable virtual cards.,37
the card pin is not visible anywhere?,38
can i open up an account for my child?,1
i just moved to the us how do i get a card?,24
i need to know the process to transfer money into my account.,65
i've completely forgot the code to get into the app.,44
am i allowed to hold money in multiple currencies?,36
i just made a top-up but it shows as pending! i use your service all the time and have never had a problem before. why does it keep showing up as pending?,47
i an not sure but it looks as if a card payment i made was cancelled.,53
how can i get my card out of the atm?,18
what is the most that i can top-up to a card?,60
how can i revert a transaction from this morning?,8
how do i start an exchange between gbp and aud?,33
can i put my found card back into the app on my phone?,13
please verify my source of funds.,70
there's a payment showing in the app today even though i have not used my card at all. i want a refund.,28
are there limits on the virtual cards?,29
what do i do if my card is stolen?,41
my phone was lost,42
"i attempted to top-up with my card this morning, but the transaction was unsuccessful. i received the card two days ago and was successful using it previously. could you please help me?",59
"i have tried to submit a transfer a couple of times now, and for some reason, it continues to be unsuccessful. do you know why this may be?",7
what is this strange payment in my account?,16
i want to change the wrong exchange rate.,17
how can i change my pin without going to the bank?,21
i didn't withdraw the amount of cash that is showing up in the app.,20
will i be charged a fee to top up using a debit or credit card?,57
when i went to withdraw cash today the atm gave me the wrong amount of cash. the app is showing a larger amount.,75
am i able to track the card that was just sent to me?,11
why has my beneficiary been denied?,7
will you charge me if i top up by card?,57
how do i change to a different currency?,33
i made a transfer a couple hours ago but my balance has not been updated. why is this? shouldnt this be instant?,5
what does pending mean on a cash withdrawal?,46
how can i go about ordering a virtual card?,40
"hi, status of one of my card payment is still pending from a while. please let e know how much time it will take to complete.",45
what is the charge to make a transfer,56
i still have not received an answer as to why i was charged $1.00 in a transaction?,34
"after my checque or cash deposit, my balance didn't update.",6
how can i change my pin even though i'm out of the country in austria at the moment?,21
is it possible for me to change my pin number?,21
there were a couple of payments that i have noticed on my account with my card that i didn't make. is it possible that somebody else has my card information?,16
is the pin sent in another message?,38
where did my deposit for my source of funds come from?,70
i can't get cash from the atm!,26
"please double check my card - withdrawal was working fine so far, but this morning on the way to work it suddenly got declined!",26
i transferred money but the recipient does not see the funds in their account?,66
i do not understand why my pass-code is not working.,44
earlier today i took money out the atm. after checking the app the amount is so much higher than the amount i received.,75
my automatic top-up was unsuccessful,61
what method do you use for the exchange rate?,32
why did the app deny my top-up?,59
how do i activate my card so i can start using it?,0
"i want to reactivate my card, i thought i had lost it but found it again this morning.",13
"its been 3 days, how long will my transfer take to get to my wallet?",67
which one are you?  visa or mastercard?,73
"lost card found, want to put it back in app",13
i have an account that is empty of funds. can i transfer some from another bank?,65
why do you keep declining my payment? i tried several times already with this card and it is just not working.,25
"i signed up, but don't have a pin. where can i find it?",38
i need my card frozen cause it was used without my consent to take money out. it was in an odd place.,20
why is my identity not being verified?,68
i forgot my pin and now it is blocked.,49
where can i find my pin? i haven't gotten it yet.,38
what are the countries you have offices in?,24
i will not be able to verify my identity.,68
"why wasn't it obvious that you charge for payments? if you put the fees in an easy to read format, this could have been avoided.",15
i am concerned that i am being doubled charged for several items purchased in the past week.  please review my statement and correct.,63
how many disposable cards can you own?,29
my identity verification hasn't passed yet is it possible to use my account?,74
the bank transfer was declined,27
i bought an item and now i want a refund.,52
how much would i be charged for a transfer?,56
my new card needs activating.,0
"someone stole my phone, what is my next step?",42
there is a payment in the app i did not make,16
i need my payment in another currency,50
my account says i have money but i withdrew it in cash.,46
why did i get declined transfer,27
i need some help now please! there are some transactions on my account that i do not remember purchasing. can they be reversed? can you please cancel or freeze my card so i don't keep getting charged?!,16
what is the longest a us transfer should take to appear in my account?,67
why isn't the transfer i made to a friend showing?,66
i want to transfer some money from my other bank account into this one.,65
why hasn't my virtual card arrived?,40
"i was checking the app for my account and i noticed there is an authorized charge on it.  i haven't used my card today, so i know i didn't do it.  i would like the transaction reversed and the money replaced.",28
is there a limit for age?,1
"about two days ago now, i made a transfer from france but it hasn't arrived yet. is it possible that the international transfer just takes longer?",5
why hasn't my top up gone through?,47
i'm looking for a machine of yours that will provide me cash from my home country. i went on holiday and don't have any cash on me. will your machine charge me extra to do this?,76
when are you going to activate my card?,0
please cancel the transfer i just made.  i put in the wrong account number and can't seem to stop it on the app.,8
why is my disposable card not working?,72
are there any discounts in exchanging currencies frequently?,31
hey i thought transfers were free.  why are you charging me?,64
i would like to cancel a purchase.,52
help me access the card i already got so i can information from it.,13
i need to change my card pin.,21
am i allowed to transfer money to a beneficiary?,7
help me!  i lost my card.  what should i do?,41
what do you use disposable cards on?,37
i am worried about fees for top up cards?,57
can i auto top up multiple times?,4
i do not recognise the card payment.,16
i am waiting for the money to enter my account. how long does it take?,67
"when i travel, can it automatically add money in certain intervals?",4
i tired to get cash in the atm but it was cancelled,26
let me know when you charge for payments. i just checked the app and saw a fee that i wasn't warned about.,15
am i permitted to have a spare card?,39
my credit card for was not approved for a top-up transaction.  what happened?,59
i tried activation my card and it didn't employment,0
do you have any options to top up with a cheque on my account?,58
when will it be delivered to the us?,12
i want a refund for an item,52
what is the source of funds for my money?,70
what do i do if i have exceeded all my pin tries?,49
"i got double charged from something, what can i do?",63
how long does it take for pending transfer transactions to post?,48
i received the wrong amount of cash back,75
do i need to set a limit on auto top-up?,4
how can i obtain a disposable virtual card?,37
i'm on vacation in europe but i desperately need to change my pin. can i do this from abroad?,21
i have a cash withdrawal in my statement. why is that?,20
how many top-ups can be approved?,60
there is a transfer pending.,48
help me!  i don't know what my password is.,44
i was charged twice.,63
what is the process for activating a new card.,0
would i need to pay extra for currency exchanges?,31
will i be charged an extra fee if i need to exchange currency?,31
i'm trying to purchase a flat but i need my first payment for my mortgage to go through first. i keep getting an error. i'm not sure what is going on but i need help making this transfer.,35
i may have entered the pin wrong and the account is blocked.  what do i have to do to get it unblocked.,49
i think someone may be using my card.,22
"i was charged for a cash withdrawal, why?",19
can you tell me the countries you provide support for.,24
what would i be charged in receiving a sepa transfer?,56
can i have another card in addition to my first one?,39
where can i have a virtual card,40
can you tell me about these disposable virtual cards?,37
"there must have been a mistake, why was i charged an extra pound?",34
"hi, i made a transfer from france two days ago and thought it would be here by now. can you give me an update please?",5
how can i receive my salary in another currency?,50
i want a virtual card that is disposable,37
i have a transaction showing multiple times.,63
i can't log in,44
do you know the reason for the identity check?,74
where do i top up my google pay?,2
my payment card was declined - could you tell me why?,25
what cash stations take this card?,3
can anyone else top-up for me?,62
what are the auto-top up policies?,4
how can my account have money transferred into it?,65
can i request a refund,52
how much longer do i have to wait until my transaction is complete? i transferred money to another country many hours ago and the transaction is still pending.,48
i'm not sure why the card payment didn't work.,25
who should i contact if my refund doesn't go through?,51
"the atm would not give me cash,why?",26
i'm in china and really need a new card.,9
where exactly does money come from,70
why would a transfer to an account not be allowed?,7
i'm wanting to get a visa card today.,73
my card was declined,25
why has my deposit in the atm not cleared yet?,46
am i able to open an account for my children?,1
how much extra will i be charged for exchanging foreign currency?,31
my card was declined but it shows as multiple charges?,63
if my card is about to expire how long would it take to receive a new one and how much would that cost me?,9
"please, tell me why i can't have the funds i deposited a week ago? i need the money now.",6
"i deposited a check yesterday and im not seeing it in my account. i need the money, is there something wrong with my account? check it out please",6
someone might be using my card.  what should i do?,22
my card data has been exposed.,22
"hello, i was contacted by a seller who let me know my money didn't come through on their side. it most certainly came out of my account so i need this looked at immediately because now it has been returned to me!",53
i am wondering if international transfers take longer. i a made a transfer from france two days ago and believed it would be here already. please let me know when i will get it!,5
my transfer has still not appeared.,5
"i have used my card online before and wasn't charged, why am i charged now",15
why was i charged a fee for using my card,15
how can i change my name in my profile?,30
how do i re-order a damaged card?,14
can you tell me exactly what fees i will expect to see in regards to your cards?,43
there is an extra small charge on my card! what do i do?,34
"hello-can you please help me get a refund from this merchant?  i ordered a product and would like to return it. i have been unsuccessful in getting the merchant to return my request for the past several days.  i understand it can take up to 45 days to process the dispute and issue a refund, however, if this can be expedited faster it would be very helpful to me.",52
why wasn't my contactless accepted at the metro?,23
what is happening?  i have tried to transfer money 5x already.  is the system down?  this shouldnt be happening as this is a basic transfer.,35
"i tried to top-up, why didn't it work?",59
my money transfer has not yet occurred,48
i think that there was an error in calculating the exchange rate.  i recently withdrew cash and received much less than expected.,76
can you tell me why a cheque deposit isn't showing in my balance?,6
"i just went through a old statement and noticed that a very large payment went through and i did not make it. it was from a few months ago, can i still dispute the payment?",28
can the delivery be specific to my needs?,12
why didn't i receive the right amount of cash?,75
please help me.  my disposable virtual card won't work right.,72
i did a transfer but its still pending,48
a wrong amount of cash we sent to me.,75
what can i use to verify my identity?,69
can i add money to my account via bank transfer?,65
whats the limit on my top up,60
can you tell me about why the account i have was charged an extra 1$,34
can i get a physical card online,43
is it possible to have more than one disposable card?,29
instruct me how to reset the passcode.,44
why was my transfer request decline?,27
still waiting for transfer to be completed.,66
"i locked myself out of my account, how do i unblock my pin?",49
what is the formula for your exchange rate?,32
"i notice a transaction a couple of weeks ago in my account, from a seller that i don't recognize. is there a way we can trace back the information to make sure it was truly something i did?",28
"when i tried to transfer funds to my friend today i was unable to do so, why?",35
"give me back my money, i'm not paying the sellers. it has been a long time ago that i made an order and it just isn't coming.",52
i bought something that i need a refund for.,52
are there age requirements,1
why do i need to show id,69
what different currencies can i get?,33
what is the identity verification process?,69
will i be charged for a top off transfer?,56
how long do you have to wait to see your virtual card your ordered?,40
i have questions about how to transfer money to my account.,65
"i purchased something and already received it, why hasn't the money taken out?",53
what is this cash withdrawal i don't recognize?,20
after i used my card i saw i was charged a fee for using it,15
what services can i use to top up?,2
why was i charged a fee for withdrawing money off my card?,19
can i verify my identity i the app,69
i have a charge i did not make.,16
where do my available funds come from?,70
can i use google pay for topping -up,2
the check i deposited yesterday isn't listed yet.  isn't that pretty slow?  i need to see the balance increased by that check.,6
i'm not sure where this charge came from.,16
is it possible to give a second card from my account to my daughter?,39
i need some help figuring out what this strange payment is on my account. it's stays pending and won't go away.,34
im not sure if a seller is giving me my money back! i asked them to refund my money for the item but it's been a week now and still nothing has been given back to me. can you resolve this for me?,51
could you explain why my card payment did not work?,25
"i purchased something and the seller hasn't received the money yet, but it has been deducted from my account.",53
is there a disposable virtual card?,37
it's only been a few weeks my my top-up got cancelled,61
do i need to go to an office to change my pin?,21
i have a question regarding the pin of the card?,38
"hello. my credit keeps being declined, last night and again today, as i try to buy something. what is the status of my card?",27
help me link my card,13
what is the correct exchange rate for getting cash,76
help.  my card is broken.,14
i want to find out what happened to my new card?,11
why do i have to verify top up?,71
could i get a mastercard and visa from you?,73
i wasn't able to use my card today when i went out for lunch. wondering why that is?,14
is there anywhere i can't use my card?,10
i see a duplicate payment.,63
it's been a few days since i've tried to pay a seller but the funds aren't going through. what is happening?,45
verify top-up card help?,71
"i thought i lost my card but i found it today, so i would like to reactivate it.",13
can i change my in at all atm's?,21
can i possibly change my currency to another?,33
"a card has been sent to me, how do i track it?",11
how many days processing new card?,23
why is there a fee for cash withdrawal?,19
i sent a payment to the wrong account number - can that transaction be reversed? i am worried about accidentally giving my money away.,8
i can't access my account.,44
what i need to verify my account,74
how do i find top up for cash deposit,58
it's been a week since you sent my card and i still don't have it.,11
"i just took some cash out of a cash machine in heathrow airport because i wanted to buy some new sunglasses for my holiday but you've added a fee to the withdrawal, what is this?",19
"hi, i am trying to buy something online, but i think there is some issue in my card. as payment is reverted. please help me in this as i am facing the same issue from last two weeks.",53
i don't see any change in my balance.,5
"hey i double checked that i have the correct account details already, they're right for sure. transfer is still pending since forever. it's not that difficult to transfer money to another country in 2018 is it?",48
i was only given $20 after trying to withdraw $100,75
how come my card doesn't work anymore?,14
i have transactions that i don't recognize - i think someone is using my card.,22
how much does it cost to do a transfer?,56
i purchases several items today. why are they still showing pending?,45
what does it mean if it says my card payment has been cancelled?,53
"everything seems fine with my account, so why did it decline my payment?",25
how can my friends top up my account?,62
my account shows a direct debit charge that i have never seen before,28
can i use this all over the world?,24
i need help as fast as possible! i made a mistake on my most recent transfer; can you please stop it before it goes through?,8
"my card payment has been declined, do you know why?",25
what does it mean if my payment is pending?,45
i tried to use my card today in the restaurant but it didn't work and just got declined. what's wrong?,14
i haven't received the cash from the check i deposited.,6
do you charge extra for duplicate cards?,39
i noticed on my online statement that an atm withdrawal i made early is still pending.  is this accurate?,46
i need urgent help. i realize i sent my payment to the wrong account number. i made a typo. please cancel the transfer immediately. i cannot do anything from the app.,8
there has been a charge pending on my account statement that i can't figue out it's for a dollar.,34
"there is a direct debit that i didn't set up, what should i do?",28
how do i change the details in my account?,30
how can i create another card linked to this account?,39
"i'm waiting for a transfer from the us, how much longer?",67
can i have it delivered on a specific date?,12
there is a pending payment on my account that is very strange. i don't remember making this and it won't go away. can you help me figure this out?,34
my google pay seems to be acting up.,2
why do the top-ups need to be verified?,71
"if i want to get an account for my daughter, can i do that?",1
"card payment was declined, do you know why?",25
where are the atms that accept this card?,3
why do we need to verify top-up?,71
my card hasn't came in the mail yet?,11
how do i top up with cash?,58
how long am i to wait before the transfer gets to my account?,67
what card or currency can i use to pay?,54
is it normal to get charged extra when i use my card?,15
i was supposed to get a refund but i do not see it on my statement. when is it going to be updated?,51
can i use the card at any cash machine?,3
"yesterday, i made an incorrect payment to the wrong account for my rent payment. i need this addressed as soon as possible and the funds transferred to the correct account by no later than tomorrow.",8
why are all my identity details required,74
am i able to top up with apply pay?,2
my cash out is still pending,46
how much is it to use my us debit or credit card to top up?,57
what us cards do you accept?  i only have 1 other.,54
please check and let me know why my transfers are getting declined.,27
i was charged an extra fee for a card payment. i was unaware of these fees beforehand.,15
is it possible to top-up automatically?,4
how do i know what exchange rate i will get?,32
what do i do if i completed a money transfer but the recipient hasn't received it?,66
i want to cancel a transaction from this morning.,8
at what places accept my card?,10
i left my phone at the hotel.,42
where is the pin for my card located?,38
"i tried transferring money to a beneficiary, however, i was unsuccessful.",7
google pay isn't working. what is wrong?,2
what is the status of my card's delivery?,11
i sent money to a person and they haven't received the payment yet.,66
how do i use cash to top up my account?,58
when will my transfer be in my account?,67
"i just got my new card, how do i activate it?",0
is it possible to get another card?,39
how do i change my last name?,30
can you help me process a refund?,52
there is a debit transaction on my statement that i did not make,28
what is the price for a physical card?,43
what's the phone number to freeze a card?,41
"hello, i am a new customer, and just tried topping up for the first time. according to your information, the transaction should be instant - why does it still show as pending?",47
"i deposited a check yesterday to up my account balance, but that deposit hasn't shown up yet.  it's been a day already!",6
i live in germany. is that one of the countries you are in? what other countries are you in?,24
why is my top-up showing as cancelled?,61
i want to inactivate my account.,55
what's the process for topping up my card?,62
what do i do if i forgot my pin?,49
i would like to edit my personal information .,30
"i reside in the us, but i want a card.",24
"i got a transfer fail message, but no explanation of why-- what happened?",35
why isn't my google pay top up working for me? did i do something wrong?,2
my card payment did not go through.,25
what's a verification code?,71
i do not know why i was charged for the $1 transaction.,34
how to access my virtual card,40
"i tempted to get some money out of the machine earlier and it did not work.looking now, the transaction actually shows to still be in progress. i would certainly appreciate someone look into this and let me know what's going on. i definitely do not want to be charged for money i never received.",46
are there atm fees?,19
what's my top-up verification code?,71
i cannot find my pin.,38
how long will it be  before the person i sent money to is able to see it?,66
"i think there may be something wrong with my card. i have never had issues with withdraws before, but this morning on the way to work it was suddenly declined.",26
when do i activate auto top-up?,4
i noticed my card was used in a small town that i have never been to. can you stop the card from being used more?,22
i want to get a virtual card!,40
i would like to top up with check,58
why is my card being declined when i try to do a top-up? how can this be immediately resolved?,59
why haven't i received my new card yet?,11
help please!  my rent payment is coming out tomorrow and i made a payment mistake yesterday! can you put in in the correct account?,8
i think you reverted my top up.,61
help me create several temp cards every day.,29
i see a direct debit that i didn't authorize,28
"i was abroad and needed some cash, but i think the wrong exchange rate was applied to the transaction.",76
at which locations can i order a card?,43
how do i change my account details?,30
i don't recognize this debit transaction in my billing statement?,28
i bought something online and it says there was a fee to transfer money. isn't that free?,64
how can i make my card active?,0
can i link your physical card,13
how do i get this damn virtual card to work?,72
can you  tell me how to get aud not gbp?,33
my card is about to expired what will happen?,9
"i was trying to use contactless earlier, but it didn't work.",23
"if i see a payment in the app that i don't recognize, what should i do?",16
i tried to charge my card but it was declined. a couple days ago i was able to charge it and it was accepted. is something wrong? will you double check for me please?,59
am i going to be charged for receiving  money?,56
what are the steps i need to take to cancel a transaction?,8
will there be any extra fees if i exchange currencies?,31
are you able to delete my account?,55
what documentation do i need for the identity check?,69
help my find the verification code on a top-up.,71
how would i change my details?,30
my card activation attempt failed.,0
i can't get my card out of the atm,18
please cancel the latest atm charge on my card as my card was declined earlier today and i did not receive that cash.,46
can i get a full list of instructions for identity checks?,69
i recently made a transfer but i need to cancel it as soon as possible.  please let me know when this happens.,8
does it cost to add money to my card?,57
i want to close my account. the service you provide is unsatisfactory to me.,55
how do you find the exchange rate?,32
a transfer to my account shows as still pending and i wanted to know how long it is suppose to take to clear.,48
do the disposable cards have any restrictions on them?,29
my transfer to an account failed.,7
where did this extra €1 fee on my statement come from?,34
i didn't receive my money earlier and it says the transaction is still in progress. can you fix it?,46
what is the charge for paying with my card?,15
i didn't withdraw cash but i see that transaction on my app,20
i saw there is a cash withdrawal from my account via the app which i did not complete.,20
help! i've forgot my app passcode!,44
my app says i withdraw funds from my account through an atm.,20
i'm travelling abroad but i've run into a situation where i need to change my pin immediately. can i do this from here?,21
my recipient hasn't received the money,66
my card payment won't work.,25
are there any atm's near me that accept this card?,3
i have an unknown direct debit payment on my account,28
why isn't my purchase exchange rate correct?,17
why did i only get $20 now the full amount i wanted?,75
how do i exchange aud for gbp?,33
why is there a charge for $1 on my account?,34
how will i know when i can use the auto top-up feature?,4
i'd prefer a mastercard.,73
how do i verify the source of my funds?,70
which currencies are allowed?,36
why does my payment appear as pending?,45
mastercard is my preferred company.,73
i have have multiple charges for one transaction.,63
if i need to top up with cash where should i look?,58
there is a vendor name i don't recognize on a payment from my account. i don't think i made this payment.,16
how are foreign exchange rates determined?,32
i couldn't make a transfer because it was declined,27
what are the currency exchange fees?,31
it looks like my top up didn't work.  why?,59
i made a transfer to my friend earlier and she hasn't received it yet.  what's the hold up?,66
top up did not work on the app.,59
when will the balance on my account change form a transfer,5
why is my payment in pending status?,45
i need to make a transfer but it keeps getting declined i need help!,27
how long does transfers take?,5
why did they take more money out then i withdrawed?,19
i want to get a card but i live in the us,24
why hasn't my payment shown up yet?,45
can you tell me the names of the fiat currencies that i can use at your institution?,36
"this is terrible, i want to delete my account",55
there is a payment with my card which i definitely did not make by me .never seen that it before.,16
my card payment wasn't declined,25
the activation process for my card isn't working.,0
how do i shut down my account and get out of this company?,55
how do i see what i transferred,5
do you issue cards for someone living in the us?,24
i don't have my mobile device and am unable to make the payment because i forgot my details.,42
why did my credit card get declined for top up?,59
how do you calculate exchange rates?,32
"i withdrew money from an atm today, and now my account is showing a different amount than what i withdrew. i checked the amount the atm gave me, and it looks like it gave me the wrong amount of money. what is the best thin for me to do to get this fixed?",75
my card has not come in the mail yet.,11
"i'm trying to verify my top-up card, but i can't find the code...?",71
can my children get an account?,1
help!  my card is stolen.,41
can i activate my card with the app?,0
i noticed a charge for a transfer.  why is this?  is it because i did an international transfer?,64
how can i get my money that i didn't get from the atm?,75
why did you give me so little currency?,76
are there businesses that don't accept this card?,10
how do i transfer money between two of my accounts?,65
can i get a visa instead of a mastercard?,73
my transfer didn't complete. why can't i access funds?,35
how do i get refills to my card when i'm traveling?,4
what currencies are available for my use in holding and exchange?,36
it seems that something went wrong with my exchange. i changed russian ruble into uk pounds but have been charged entirely too much!,17
"i've been to several different countries, can i exchange the cash with a discount for a large transaction?",31
how do i get a virtual card on my device?,40
i am still waiting on my card?,11
how long will delivery to the us take?,12
why hasn't my transaction arrived?,66
i need to order a new card.,43
i have a disposable card but it does not work?,72
are top-ups allowed using apple pay?,2
can my salary be received here?,50
how do i unblock my pin?,49
how do i speed up identity verification?,74
please explain your exchange rate policy.,32
am i able to add money into my account using my american express?,54
top-up is loaded into the card and no update.,47
where do you deliver cards to?,43
can you tell me what the cash withdrawal is in my statement?,20
how do i get top up with cash deposit,58
where can i find my fund information?,70
"someone has access to my card info.  i still have the card, but someone just withdrew cash.  how do i get this corrected/stopped?!",20
why did i have to pay an additional amount when using my card to pay?,15
my identity hasn't been verified.  can i use my account?,74
the cash abroad exchange rate is applied wrong.,76
which countries are supported,24
can this app exchange american and english currency?,33
"how do i close my account, since i'm dissatisfied?",55
i need a virtual card,40
"my cash withdrawal is pending, why?",46
is this card accepted by atms?,3
why do we need to verify a top-up card?,71
i made an atm withdrawal over the holiday and then later realized i was charged an exorbitant fee!  i never would've made this withdrawal if i'd known i'd be charged so much.,76
can you help me get top up to work in the apple pay function?,2
"my money has gone missing. i had recently added money in, and saw it was there and went through. now it's missing. what is happening?",61
what currency is acceptable for a top up?,54
"so i've been using my account frequently to manage payments for my vacation house in a different country, and now i'm getting hit with ridiculously high fees! what's with that? ought not i be rewarded as a frequent user?",64
how can the money machine keep my card what do i need to do?,18
the exchange rate is incorrect for my payment.,17
help me verify my identify?,68
someone hacked into my cards account.,22
what was the extra charge for withdrawing money?,19
how old do you need to be to open an account?,1
what are the age limits for your service?,1
is there a tracking number for the card you sent me?,11
i sent money to someone but they haven't gotten it yet,66
what caused my top-up to be returned?,61
may i transfer a cheque into my account?,58
should my top up still be pending?,47
can i get a new card?,43
my card payment failed.,25
the transger i tried to make failed.,35
i'm having problems making a transfer to another account. i keep getting a declined message. i know that the information i'm putting in is accurate because i have checked it more than once.,27
i have a trasnger that is pending and wondered about it.,48
"after inputting the wrong pin too many times, can you now help me unblock my pin?",49
i need you to delete my account right now.,55
my card still hasn't been delivered,11
my card doesn't seem to work.,14
"hello, what is a virtual card and how do i get one?",40
how can i add physical money to my card?,58
"i did a bank transfer to top up, but the money is not available.",59
"always exchanging currencies, do you offer a discount?",31
two days ago i did a transfer to another account within the country.  it doesn't appear the transfer went through.  i have verified the account number several times.  could you please check on this for me?,66
what does it mean when it says that i have a payment that is pending?,45
can someone please help assist me by explaining to me why my pass-code is not working?,44
where would i order a virtual card?,40
can i transfer my salary onto here?,50
is there any amount in which i would get cut off from topping up?,60
what steps should i take before my card expires?,9
"the expiration date for my card is coming up, how do i get a new card?",9
what are the sources for the funds in my account?,70
"please help, the atm swallowed my card, what do i do?",18
how do i know where i can get money withdrawn?,3
what do i do if i believe to be a victim of credit card fraud?,22
i've deposited a check in my account but the cash isn't showing as available.,6
i recently deposited a cheque and cannot find the cash from it.,6
why was i not able to get cash from the atm?,26
i haven't gotten my credit card in the mail.,11
please tell me the types of currency i can hold.,36
can i use my social security card as a form of identity?,69
what is the estimated time on an urgent transfer from china?,67
help me terminate and close my account.,55
why did you charge me extra for withdrawing money?,19
can i verify my top-up card?,71
why have i been charged a fee for transferring money?,64
is the atm broken? i can't get cash from it.,26
i am not happy with your company. please delete my account asap.,55
my card is almost expired.  how fast will i get a new one and what is the cost?,9
when will the transaction post to my account?,48
i was unable to transfer money to a beneficiary.,7
can i automatically top-up when traveling?,4
how many currencies can i have?,36
i requested a refund but am unable to see it in my account. why is that?,51
i have foreign currency i would like to change how much will it cost me?,31
i've been waiting for a refund where is it?,51
"i lost my phone, what should i do?",42
i ordered something online a while ago and i haven't gotten it. i would like a refund.,52
i tried to withdraw cash at an atm in the city center but my card was declined. the transaction is still showing up as pending - please cancel it!,46
can you tell me how to tell where my funds come from?,70
please tell me if i'm going to be charged for sending out more cards?,39
why haven't i gotten my payment yet?,45
"i was using foreign currency at an atm, but the rate was typed in wrong.",76
how do i get top up to work for my card,2
why did i get declined during a transfer?,27
i would like to get an item refunded,52
why has my account balance not changed after depositing a cheque?,6
my card expires next week. how do i get a new one?,9
how do i add an existing card to the app?,13
is american express supported for adding funds?,54
why did i get less from the atm?,75
there is more than one charge on my account for a transaction.,63
"cash withdrawal has been pending, why is it so?",46
how do i receive a refund for my item?,52
"i have my card, when whill my pin be available?",38
which credit card top-ups do you accept?,54
i received my salary in the wrong currency. how do i change this?,50
what do i do if i see a transaction on my card that i don't recall making?,16
i have a duplicate charge,63
why can't i take $100 out,75
i'm being charged for using my card!,15
what do i do if my card expires soon?,9
it's requiring me to verify my identity?,74
why is there a €1 charge on my statement?,34
what is the max amount of top-ups?,60
what needs to be done to activate and use a card?,0
what to do if my physical card is not working?,14
will a cheque suffice?,58
i want a mastercard,73
i transferred money and it hasn't come yet,66
my card will not work,14
my card is about to expire.  are there any costs with a replacement card?  how quick do you mail it to me?,9
"please tell me, do you use visa or mastercard?",73
my virtual card has not came yet!,40
"i was charged a fee for the transfer, but can you tell me why?",64
can my salary be received and transferred to my current currency in my country?,50
there is a direct debit payment that i did not make.,28
what types of top-up methods do you accept?,58
shopping on line i was declined when trying to buy something.,27
can i use my account although my identity verification has yet to pass?,74
why do i see an extra fee on my statement?,34
what is the first step that i should take after my card has been stolen?,41
should my cash withdrawal still be pending?,46
i don't know what pending transaction means.,45
hi! what documents can i use to verify my identity?,69
the top up failed,59
are there restrictions on disposable virtual cards?,29
why is the atm not allowing me to get cash?,26
are there any charges for top ups?,57
"i tried to make a transfer, but it didn't work.",35
why haven't i been given a virtual card yet?,40
why did the bank reject my transfer?,35
there's a cash withdrawal that  didn't make that is showing up.,20
i can't see a top-up top-up verification code.,71
my card arrived but i don't know how to get my pin.,38
i'll send a check to top up my account,58
i didn't know i was going to get charged to use my card.,15
my refund isn't showing up on my statement.,51
i didn't make a payment at this business.,16
"hi, i'm in progress of purchasing a flat and am trying to make to make a payment.  an error is appearing, and i need assistance.",35
why is my balance still the same after a cheque deposit?,6
why hasn't my return cleared my account?,51
"for adding money, which currencies do you accept?",54
"hello, i'm a brand new customer and tried topping up for the first time today. it has been pending for half an hour and doesn't seem to be working. please resolve this.",47
i used foreign currency to buy something and i think the rate applied is incorrect.,17
i could not use my card in a store.,25
can i add money in intervals to my account?  i will be traveling.,4
what do you do with all the identity information you're collecting from me?,74
whats the max i can top up,60
why can't i get cash out?,26
do you let me choose between visa and mastercard?,73
i'm trying to purchase crypto via the app. i haven't been able to get it to go through. am i doing something wrong?,7
i want a new card,39
is there a reason why my virtual card won't work?,72
do you charge for transfers?,56
could you please help me?  i made my rent payment and have double checked that i sent it to the right account.  the person receiving it says he has not received it but it shows complete on my side.,66
"i'd like to get a visa card, please.",73
what happened to the money after i put in the wrong info and it got declined,62
how do i reset my passcode?,44
i am very dissatisfied with the services that you are providing.  i want to cancel my account.,55
i would like to report an issue with my product and want to get it refunded,52
i did not have the right exchange rate applied to my situation of pulling out cash,76
when will my top up go through?,47
i can't enter my passcode.,44
i can't get a contactless payment to work.,23
why is it required to verify my identity?,74
how long will it take to transfer from europe?,67
how long is us delivery?,12
i withdrew cash and was charged. why?,19
can i get a second card for free?,39
what are the steps i should take to recover my swallowed card?,18
my transfer to my account is missing.,5
how can i exchange aud for gbp?,33
what is the max amount of disposable cards i'm allowed.,29
with one disposable card how many transactions can i do?,29
how can i cancel a transfer i made,8
"i have my residency in the us, but i would love to get a card.",24
"can you tell me how long it would take, to make a transfer from france? i made one 2 days ago and its not there yet.",5
is there a reason to why i was charged twice for a transaction?,63
i did not get any money but still was charged,75
why was i charged for withdrawing cash?,19
can i transfer money using the swift service?,56
can you give me a virtual card?,40
you did not give me the correct exchange rate for an item that i bought.,17
how can i receive money from my friend?,50
what is this extra fee while i was doing a transfer?,64
my card payment didn't work,25
i need another card for a member of my family. is this possible? how soon can i get one?,39
what is the fee for topping up by card?,57
seems like my top-up has been cancelled,61
please can you block the transaction i just sent from my account? it was a payment but i accidently typed in the wrong details and think it might have gone to the wrong place.,8
this card payment isn't is recognition.,16
how do i request more physical cards?,39
i would like a virtual card...how do i get one?,40
when will my balance reflect a deposit?,6
"there's an extra fee on my statement, why is that?",34
why would a cash withdrawal be pending?,46
i bought something abroad and the exchange rate applied is wrong,17
"when using my card i was charged a fee for doing so, why?",15
what can you use the disposable cards for?,37
there's something wrong on my bill. a transfer fee should never have been added.,64
is there a daily auto top-up limit?,4
i bough an item and the exchange rate was incorrect.,17
could i open an account for children?,1
how much does it cost for a physical card?,43
what is the disposable card for?,37
tell me how i can order my card.,43
what should i do if i think there are unauthorized transactions?,22
i completed a payment with my card a while ago. it's still showing up as pending. what time frame does this normally take? it doesn't appear to have worked.,45
what is the status of my refund,51
there is a direct debit payment on my account that i didn't authorize.,28
my refund is not showing.,51
how do i link an existing card?,13
how do i exchange currencies using this app?,33
i have been charged twice for the same transaction.,63
can i use this card at any store?,10
is it possible to change my pin if i am out of the country?,21
i think my top up was reversed.,61
there was a charge applied when i used my card.,15
where's the money i transferred into my account?,5
at what cash machines can i change my pin?,21
what about a auto top-up?,4
i need a new card because the atm took mine.,18
i made a payment with my card and it hasn't changed. how long do you think this will take?,45
how come i got charged extra for withdrawing cash?,19
i can't use the app because i got mugged yesterday and they took everything. i need some help.,42
there is a record of payment i never submitted on the app.,16
"if i top up by card, what options do i have re: currency and card type?",54
how long do bank transfers take to clear,5
i payed with the card and there was an extra fee?,15
please delete account,55
what is the charge for exchanging currency?,31
i wanted to know why my transaction didn't go through.,27
"visa and mastercard, can i get them both?",73
is it possible to exchange currencies on the app?,33
what do i do if the machine rejects my card?,14
is there a specific date i can have it delivered?,12
can i transfer money to my card via bank-transfer?,65
how long do bank transfers usually take?,5
what are the acceptable currencies for adding funds?,54
my credit card was just denied for top up! can you tell me why this happened and what's going on?,59
i think a card payment i made was cancelled.,53
i transferred some cash and it didn't arrive,66
i want to use a payment card to top up my account. how can i do this?,54
someone may have made an error in figuring out the rate of exchange.  i should have received more cash than i did on my most recent withdrawal.,76
i tried my pin too many times,49
"i want to top up by card, what do you support?",54
how do i get a new expiration date?,9
is it free to add money to my card,57
why would i need a disposable card?,37
after taking over my card transactions i noticed that was charged twice for a restaurant purchased from earlier this week. can you please remove one of these transactions from my account since it is not accurate?,63
who can send me money?,50
why do i have an unexpected fee on my bill?,64
"around one or two weeks ago i purchased something but there's seems to be an issue. i have already received one of the items, but today the money was placed back into my account. what is happening?",53
"please help! i was looking at my account and saw a transaction with a seller i don't remember. is it possible for you to track the sale, because i really don't think i made a payment to them.",28
i bought something and already paid for it but now i don't see it.,53
can you make sure i get a mastercard and not a visa?,73
i see a charge for a direct debit that was not me.,28
how long does it take for a money transfer to show up?,48
why are fees charged for cash withdrawals? i went to withdraw some money earlier today after shopping. there's a new fee that there.,19
can you please tell me how long it takes for the transfer to be available.,67
can i have a spare card for this account please?,39
my order needs to be canceled.,52
what flat currencies do you support for holding and exchange?,36
a transfer has to be cancelled.,8
can i get some help activating my new card?,0
i need several cards per day. and i need to be able to throw away all of the cards i make.,29
for what reason must i authenticate the top up?,71
could you tell me why my top up isn't showing in my wallet?,62
tell me how to get a refund for something i bought.,52
where do i order additional cards?,39
what would cause a transfer failure?,35
i want to top up by card,62
there is a duplicate charge on my account.,63
do i get charged for a top up from a european bank?,57
there is a payment on my card that i do not recognize.  i've never seen the name on the transaction before.,16
how do i go forth on holding money in multiple currencies?,36
what types of fiduciary currencies are supported for tenure and exchange?,36
how can i dispute a direct debit transaction?,28
what do i do if the atm swallowed my card?,18
let me know when applying extra charges for payments. i just checked the app and saw a fee that i wasn't warned about.,15
why do you have the identity check,74
why wasn't my bank balance updated?,5
this exchange rate you use is awful! please tell me this is a mistake and not the official interbank exchange rate!,17
the exchange rate you are using is bad.this can't be the official interbank exchange rate.,17
i took out money from the atm and it's still showing as pending?,46
how do i dispute a direct debit that i didn't do?,28
can i receive payment in another currency?,50
i am having trouble verifying my id.,68
i've tried several times to make a payment and every time my card is declined? could my card be locked? i don't know what to do.,25
i was using a foreign currecy to make a payment and the applied the wrong rate.,17
can i get an auto top-up?,4
why is my transaction taking so long to complete?,66
will this card work at any atm?,3
what if my top up is reverted?,61
why do i need to have my identity verified?,74
are there any top-up limits that i must follow?,60
why do i have a transaction showing up more than once?,63
"i need a card reactivation, i had reported my card lost but i ran across it in my jacket.",13
"can you check about unauthorized use of my card, i think someone is using mine without my knowledge?",22
is there a reason for my top up to be cancelled?,61
i sent payment with eu transfer and they still haven't received it. how long does it take?,48
are there directions to get a new passcode if i forgot mine?,44
"my account shows i have been charged twice for the same meal. how do i get the second payment voided and returned to me? i do not eat out much and my family is living paycheck to paycheck,  mostly. i cannot afford to spend more money than necessary, as is, so i must see to it that the cost be promptly credited back onto my card.",63
i need my card as quick as possible,12
how long should i wait ti activate my card,0
the card that i have isn't working. this is the physical card.,14
i made a check deposit but the cash hasn't arrived in my account yet.,6
my app is showing a cash balance that i did not receive.,20
i need to exchange foreign currency will i be charged?,31
why was i declined when i tried to get my money?,26
why hasn't my in country transfer gone through yet? i confirmed the account info a couple days ago but the payment hasn't been posted yet.,66
i tried transferring to an account but it didn't go through. what happened?,7
can i edit my personal details?,30
will i be charged for a cash withdrawal?,19
i would like to have a physical card to carry around and use. how can i get one?,43
can i change my pin without going to a bank branch?,21
"may i reactivate my card? i previously reported it lost, but have now found it safe and sound.",13
i hope to get a visa card,73
can you tell me how transferring money into my account works?,65
i would like to return my purchases,52
i was overcharged an additional pound.,34
verify my source of funds?,70
i received incorrect amount of cash from an atm today. it was more than i wanted. what do i do now?,75
how can i find the source for my available funds and money?,70
am i going to be charged for topping up by transfer?,56
my card was charged more than expected.,15
why hasn't my balance been updated? i've deposited a few cheques some days ago!,6
why hasn't the app verified my identity?,68
do you have a return policy?,52
i just got my card.  it's not linked yet--how do i do that?,13
i tried to use my card to withdrawal money from the atm in notting hill but it didn't work. this is the first time i've tried using it. is my card working?,26
"on the card that is coming, what's the tracking info?",11
the atm i used for foreign currency provided the wrong exchange rate.,76
"the past few times i've been to the atm, i was charged a withdrawal fee. have your policies changed regarding fees?",19
"last saturday, i was charged extra for the exchange rate on my payment. is something wrong?",17
"i just want to top-up, why do i need to verify anything?",71
"hi, last week i have contacted the seller for a refund as directed by you, but i have not received the money yet. please look into this issue with seller and help me in getting the refund.",51
my transfer to a beneficiary was rejected.,7
can you tell me how i would go about learning where my funds came from?,70
how can i exchange currencies with this app?,33
my app shows a money withdrawal that i did not do.,20
how do i go about ordering a new bank card?,9
when will my account receive the money?,67
how to edit personal details?,30
how did you guys get your exchange rate?,32
what currencies can i use to add money to my account,54
am i the only one who can top-up my account?,62
"looks like my card payment was duplicated after all. i went to pay at the store earlier, got declined once,second time it works. app still stays pending for one of the payments. can you please remove one of them as it's wrong and was declined?",63
i want to add funds to my account. what payment methods are accepted?,54
my top-up funds aren't available yet.,47
how long after a failed topup will funds refurn to account,47
it won't let me activate my card.,0
do you know the process how to activate my card?,0
i'm confused ass to why my contactless is not working.,23
how long do i wait for my pin,38
is there any way to see my card in the app?,13
"i dont know what happened, but my payment was cancelled",53
does this app have the same exchange rate as third parties?,32
is my top up not working?,47
my top-up was reverted by the app.,61
how do i set up an account for my children?,1
i deposited a cheque and its been days and i still haven't received the cash!!,6
i do not recognise this card payment.,16
how much am i allowed to top-up?,60
when i travel can it top up automatically,4
my purchase from this morning still is pending.,45
"i can't remember my app code, can you reset it?",44
how long does it take for money to reach my account?,5
"i've obtained the card, how do i enable it on the app?",13
i have a payment in my statement that is off,16
the exchange rate on my payment was wrong,17
can i use my american express card with apple pay?,2
do you have an auto-top function and how do i use it if so?,4
i'm not seeing my cash deposit showing up in my account.,6
how do i unblock my card?,49
i would love one of the virtual cards!,40
which fiat currencies do you currently support? will this change in this future?,36
my identity verification is not working.,68
i'd like to make some changes to my personal information.,30
can you explain why my google pay top isn't working?,2
"i just got a new card, and i want to know how to activate.",0
is there a strict timeline regarding disputing transactions made on my account? i just noticed a fraudulent charge on a statement from a couple months ago.,28
in the app i see a payment that is not mine.,16
is there a way to view the history on where my funds came from?,70
explain why my card payment wouldn't go through.,25
my transfer hasn't arrived,66
i received a fee i should not have.,15
what fees are charged when i top up,57
i tried to top-up but it got denied.,59
i didn't receive the correct amount of cash,75
"hello.  i ran into a problem with a transfer this morning.  i was trying to send money to some friends but when i tried to send it, the transfer failed.  i don't know what is causing the transfer to be rejected.  please let me know what is causing the problem.  thanks.",35
everytime i try to prove my identity it won't let me.,68
is there an extra fee to exchange currencies?,31
what i topped up was reverted by the app.,61
when can i expect to receive my card?,12
how do i link an old card?,13
what kind of atms would this card be accepted at?,3
can i top off with a debit card?,54
won't let me top my card up!! who can get it sorted out for me? it's urgent! how do i find out what the problem is with my card and how else to top it up?,59
how do i perform identity checks?,69
"phone is gone, dont want others to access account information",42
where is the nearest mastercard atm?,3
you've incorrectly calculated the exchange rate for my cash withdrawal,76
do you have any age limit?,1
i just got refunded for my purchase over two weeks ago,53
do you support changing the currency i use?,33
i'd like my account to be deleted. i'm not satisfied with the service you provide.,55
i need quickly transfer something from china. about how long will it take?,67
do you have a fee for receiving a sepa transfer?,56
do i need to add my salary?,50
can you tell me if i can hold money in several currencies?,36
"i was trying to make a transfer and got an error message telling me it was not possible to make the transfer. this has never happened before, what happened?",7
"so, my transfer is showing as pending, when will it actually go through?",48
"when i got cash, the exchange rate applied was wrong.",76
can i have my card delivered on tuesday?,12
how long will my transfer stay pending?,48
why was a extra fee added to my account for transfer ?,64
do i have to use a bank approved atm to withdraw money?,3
what does the decline message mean,27
i want to make an online purchase but i don't want to use my credit card. can you tell me how a disposable virtual card works and where i can apply for one?,37
the day before yesterday i transferred funds to another account within the country.  the funds have not yet arrived.  i double and triple checked the account number and it was correct.  why hasn't the transfer been completed yet?,66
transferring money using credit card,62
is it possible to use an atm when i am not in the country and make a withdraw with out extra fees?,76
"i cannot find my phone, what should i do?",42
my address is incorrect on my file.,30
can i have more than 2 disposable cards?,29
how does it work when i transfer money into my account?,65
what do i need to do to get a card?,43
what do you need for the identity verification,69
what is the reason a transfer shows as pending?,48
"how much time do transfers take? i sent money to a friend who needs it fast. it's been hours, and the money has not gone through.",66
is there a fee for transferring money,64
"i must quickly transfer something from china, and i need to know how long it will take.",67
i see a direct debit payment on my statement that wasn't me,28
they said i would get a refund but i don't see it on my statement.,51
